stars,text
4,Pemandangan nya indah
3,"250rb per orang, naik jeep naik gunung
Cuacanya buruk dan kami tidak bisa melihat gunung berapi. Pertama-tama kami pergi ke tempat perlindungan serangan udara, lalu mengambil beberapa foto di sungai yang tersapu lava, dan akhirnya pergi ke Lost World Park, di mana terdapat patung tangan."
5,
3,Bagus
5,
5,Banyak pemandangan sangat indah yang bisa dilewati dalam jalur pendakian yang luar biasa menantang ini. selalu ingin sering mendaki kesini lagi..
5,
5,Ini sungguh sangat indah sekali bagi saya✨✨
5,
5,
5,
3,"View nya bagus, apalagi diwaktu sore gari yaitu diwaktu Sunset 🔥"
1,
5,
1,Lebih baik melihat dari jauh. Daerah di dekatnya adalah tempat wisata BESAR…
5,
5,
1,
4,
5,"Gunung merapi mencerminkan kebesaran Tuhan yang Maha Besar. Saat erupsi daya rusaknya besar kehidupan yang mapan bisa dilumpuhkan selama beberapa hari karena awan panas, debu yang bertebaran serta banjir lahar dingin. Tetapi G. Merapi yang aktif memberi kita semangat untuk tetap belajar karena kehidupanndan keadaan alam itu dinamis."
5,
5,
5,
5,
3,"Indah, tapi panjang dan sulit untuk didaki"
5,Beberapa orang saja yang bisa kita lakukan untuk menjaga agar kulit cepat putih berikut patut Anda coba untuk tampil lebih cantik dan seksi pada saat itu juga ada juga yang membuat Anda mengambil keputusan dan tidak hanya sekedar informasi dan teknologi informasi untuk meraih hidup dan mati di kayu salib dan yang paling penting adalah memahami dan menguasai bahasa Indonesia ensiklopedia Islam dan kaum wanita adalah sepatu futsal Adidas predator seperti yang telah ditentukan oleh panitia pelaksana oke..........
5,
5,
5,
4,Cantik
5,The bestt abisss next saya akan kesana lagi 😊
5,
5,"Gunungnya bagus
Apalagi viewnya kalau pas lagi jelas2nya"
5,
5,"Foto yang sama dgn background 3 orang yang sama, tpi pas foto sendiri ada penampakan yang ikut kefoto 🥶🥶🥶"
5,
2,
5,"Amazing banget, waktu pertama kali kesana udah seru banget, baru pertama kali naik jeep dan didalam perjalanan seru banget, disana terdapat beberapa tempat yaitu... Museum Mbah Maridjan,  Bunker, Batu alien. Tapi hanya itu yang saya tahu, ketika saya tahu cerita asli dari merapi pada tahun 2010, saya sangat kagum dan terkejut, namun saya tidak memotret apa pun karena saya takut hp saya terkena air. Disana terdapat 800 jeep lebih, didalam bunker tersebut terdapat sebuah lahar yang sudah mengeras, tapi kemarin saya nemu duit 2000 di atas lahar yang mengeras😂, pokoknya amazing banget waktu saya kesana"
5,Patlamadan bir gün sonra gittik. Ciddi bir duman bulutu olsa da burada bulunma duygusu çok güzeldi. Bölge halkı çok daha yakına gidebilse de biz en fazla 3 km kadar yakınına girebildik. Yogyakarta’ya geldiğinizde mutlaka görmeniz gerekenler listesine koymalısınız.
5,
5,
5,
5,
4,Viu nya bagus
5,👌
5,
5,Adegan jangan di tiru bisa berbahaya
5,Keren abis
5,"Masih berada di kaki gunung
Seru sekali bisa naik jeep sama ke museum bersama teman teman momen yang sangat indah dalam hidup saya
Menjadikan bersyukur bahwa tragedi dan kekuasaan Tuhan tidak ada batasnya

Semoga bisa ke Jogja lagi dan bisa menaiki merapi"
5,
5,
5,Randubelatung
5,Bagus
5,Nanti Aku Bahagia
5,
5,Erupsi Level III Lumayan Mengerikan
5,Bagi saya gunung merapi adalah gunung yang berbahaya😋👊
5,Tempat yang harus di kunjungi kalau ke jogja.
5,Gunung berapi aktif yang indah
1,
5,Pemandangan sangat bagus
5,Sangat indah
5,"saya sangat suka dengan gunung merapi, karena disana saya bisa menyelam ke lava, dan merasakan sensasi panas, saya juga bermain lempar""an batu yg berada di pinggiran lava, dan terakhir bermain uap yg sangat panas agar bisa menghangatkan badan dan menjadi hitam, setelah saya pulang badan saya hanya tersisa tengkorak"
5,Bagus sekali
5,
5,Bagus
5,"Kamis, 4 Nov 2010 saya berangkat ke Yogya dengan kereta api malam untuk suatu pertemuan penting. Sekitar pukul 4 pagi,  menengok ke jendela,  nampak pepohonan dan atap rumah penduduk tertutup oleh debu. Ternyata, Jumat,  5 Nov 2010 sekitar pukul 1 malam, Merapi baru saja memuntahkan isinya sebagai puncak letusan. Tiba di stasiun,  tampak jalan aspal tertutup debu vulkanik setebal 4-6 cm. Alhamdulillah saya dapat sampai dengan selamat meskipun kemudian menerima kabar bahwa pertemuan dibatalkan karena utusan2 dari daerah lain tidak dapat menjangkau titik tujuan akibat transportasi baik darat maupun udara yang lumpuh. Terkunci tak bisa pulang ke kota asal,  akhirnya bergabung dgn tim relawan."
5,
5,
1,
5,
5,Membantu
5,
4,G. Merapi dari jauh.....
5,"Amazing ..
Sangat Suka,,. pertama kali kesini,,dr jauh wkt pngn sekali ke Gunung Merapi br kesampaian,,
Terimakasih AlamSemesta 🙏😊🙏"
5,
4,
5,
5,Selalu siaga
5,Seru skali keliling gunung pake jeep off road sewaan
5,Saya bongkar kopling bagus barang nya enak d pakai
5,
5,
1,Aji
5,
4,
1,gunung merapi
3,Oke
5,
5,
5,
5,
5,
5,"Tempat yg luar biasa,sangat memanjakan mata,otak,dan raga,"
4,bagus sekali
3,"Jika mendung, Anda tidak dapat melihat gunung berapi🌋, jadi Anda hanya bisa duduk di dalam jeep dan mendengarkan pemandangan burung hantu🦉 cukup lucu."
1,
5,Salah satu tempat terbaik untuk matahari terbit
5,
5,"Merapi tak pernah ingkar janji...
#JanganKotoriMerapi #BawaKembaliSampahmu😄🙏"
5,"Sebuah pengalaman yg tak akan terulang 2x
Pendakian 2016 lalu"
5,Keren banget
5,
5,
5,
5,
4,
5,mt merapi
5,Sangat bermanfaat buat ilmu pengetahuan saya
5,
5,Di puncak gunung kalau matahari terbenam bagus banget itu kalau di lihat
5,indahnya ciptaan Allah SWT
5,"Gunung Merapi, DIY.

Gunung Merapi, yang artinya ""Gunung Berapi"" dalam bahasa Indonesia, adalah salah satu gunung berapi paling aktif di dunia. Terletak di Jawa Tengah, Indonesia, gunung ini memiliki sejarah panjang yang kaya dan mempesona.

Sejarah Gunung Merapi diwarnai dengan cerita-cerita legendaris. Salah satunya adalah kisah ""Ratu Kidul,"" roh penjaga laut selatan, yang dipercayai mempengaruhi aktivitas gunung. Merapi juga memiliki makna penting dalam mitologi Jawa sebagai tempat kediaman spiritual. Itu adalah gunung berapi yang menakjubkan dan berbahaya sekaligus.

Namun, selain keindahannya, Gunung Merapi juga dikenal dengan erupsinya yang sering. Erupsi gunung ini telah terjadi berkali-kali selama berabad-abad, dengan yang paling destruktif terjadi pada tahun 2010. Erupsi itu menewaskan beberapa orang, menghancurkan desa-desa, dan menciptakan hujan abu yang mencakup area yang luas.

Meskipun bahayanya, Gunung Merapi menjadi tujuan wisata yang populer. Para pendaki sering berani mendaki gunung ini untuk merasakan petualangan yang mendebarkan dan melihat pemandangan indah dari puncaknya. Namun, sepertinya saat ini gunung merapi sudah tidak boleh didaki.

Kondisi Gunung Merapi selalu berubah, dan ini adalah salah satu gunung berapi teraktif di dunia. Otoritas setempat terus memantau aktivitasnya dan mengambil tindakan pencegahan jika diperlukan untuk melindungi penduduk setempat. Masyarakat sekitar juga telah belajar hidup berdampingan dengan ancaman erupsi, dan mereka memiliki sistem peringatan dini yang efisien.

Gunung Merapi adalah salah satu contoh kemegahan alam yang menakjubkan dan penuh rasa hormat, tetapi juga menunjukkan potensi bahaya yang dimiliki alam. Itu adalah pengingat bagi kita semua tentang seberapa kecilnya manusia di hadapan kekuatan alam semesta ini."
5,Saya masak pakai ikan lele di merapi
2,"Bukan sesuatu yang istimewa. Anda tidak dapat mencapai gunung berapi tersebut, Anda hanya dapat melihatnya dari jarak 4 km.
Kami sebenarnya ingin melakukan tur jeep, tetapi semuanya terlihat sangat buruk, jadi kami tidak melakukannya.
Semua vendor melakukan hal yang sama.
Saya tidak akan pergi ke sana lagi."
3,
4,"raish-123

raih-2023"
5,
5,
5,
4,"Masih utuh..masih aktif...

Suasananya asri dan damai namun menyisakan banyak kejadian menyedihkan dan menyayat hati...

Bersyukurlah bagi yang masih selamat.."
5,Bagus sekali
1,Bagus sekali
4,Ke merapi naik jeep  tahun 2016 seru banget karena jalannnya benar2 off road. Tahun 2022 coba kesini bareng anak-anak jalannya sudah pada di aspal 🤣 tapi spot terakhir naik jeep seru karena jeepnya nyebur ke kolam gt. Bbrp tempat kebanyakan buat spot2 foto jadi agak aneh aja..ud ga begitu natural. Pemandangan gunung merapinya sendiri luar biasa cantik. Lihat bunker terus ke spot-spot foto yang beberapa belum jadi sempurna. Kamar mandi umum bersih dan airnya dingin banget 😄
5,"View pagi nya wlwpun berkabut bener bener bagus 👍🏻
Harus coba banget ngopi dikaki gunung pas di depan bangker syahduuuu ☕️
Banyak kedai kopi dan makanan
Harga juga terjangkau sekalii
Untuk parkir hanya 2000 per motor
Udara juga sejuk banget 🌞🌻"
5,Pernah mendaki gunung paling aktif ini
5,Sangat baguus
4,Saya bisa tau letaknya gunung merapi dan bentuknya
4,Petualangan yang sangat berkesan
5,
5,Cantik
5,
5,semua bagus
5,
5,
5,👍👍
5,
5,
5,
5,
5,"Gunung Merapi (ketinggian puncak 2.930 mdpl, per 2010) (Jawa: ꦒꦸꦤꦸꦁ​ꦩꦼꦫꦥꦶ, translit. Gunung Mêrapi) adalah gunung berapi di bagian tengah Pulau Jawa dan merupakan salah satu gunung api teraktif di Indonesia. Lereng sisi selatan berada dalam administrasi Kabupaten Sleman, Daerah Istimewa Yogyakarta, dan sisanya berada dalam wilayah Provinsi Jawa Tengah, yaitu Kabupaten Magelang di sisi barat, Kabupaten Boyolali di sisi utara dan timur, serta Kabupaten Klaten di sisi tenggara. Kawasan hutan di sekitar puncaknya menjadi kawasan Taman Nasional Gunung Merapi sejak tahun 2004. Wikipedia"
5,
5,
5,Pengen muncak merapi lagi
1,"sangat tidak rekomen, kalo pas meledak sangat meresahkan"
5,
5,Indah sekali walau dilihat dari kejauhan .. gunung merapi bisa keliatan dari dekat waru ng kopi klotok juga .. bisa foto foto dari kejauhan juga udah seneng .. salam kami dari bandung
5,
5,
5,
4,
5,
5,Mantap merapo
5,
5,joss
5,Tempat yg nyaman dan tentram
5,Top
5,Menikmati udara segar di desa sambil melihat G merapi yang indah ☺️🤩
5,My all time favorite volcano. A 5 star rating does not do its beauty justice while a -5 rating does not do the polluters justice. The cold water and fresh air is exactly what I look for after months and months of working in the city yet I find myself stumbling upon trash in even the more remote areas of the hike up. What a shame the people are unable to keep this beautiful volcano clean.
5,
1,
5,Tempat terbaik bagi wisatawan sepeda untuk bersepeda di dekat dasar bukit gunung berapi. Cukup spektakuler.
5,
5,
5,Oke
5,"Gunung Merapi..
Merupakan Gunung teraktif didunia, sebagai pusat penelitian para ahli-ahli, para pakar alam.
Gunung Merapi menyimpan banyak misteri, banyak sejarah yg tersembunyi didalam nya..
Salah satunya, sosok abdi dalem keraton jogjakarta, almarhum mbah Maridjan, dipercaya sebagai juru kunci(penjaga) gunung Merapi, meninggal dalam peristiwa Erupsi (Wedus Gembel) gunung Merapi................"
5,
5,"Kalo udh crita gunung merapi ini ,,byk crita yg bikin mau balik lagi ,,dgn segudang pemandangan yg indah ,,mau ny balik lg aja"
5,Gunung merapi yang indah juru kunci mbah marijan mantappp
5,Gunung yang sangat gagah bila dilihat dari merbabu. Sayang nya blm bisa dibuka utk pendakian karena sering erupsi :(
5,
5,
5,Joss
5,Bags Bagus
5,
5,
5,Indah dipandang selalu dikenang
5,
3,
5,"Gunung Merapi..
Merupakan Gunung teraktif didunia, sebagai pusat penelitian para ahli-ahli, para pakar alam.
Gunung Merapi menyimpan banyak misteri, banyak sejarah yg tersembunyi didalam nya..
Salah satunya, sosok abdi dalem keraton jogjakarta, almarhum mbah Maridjan, dipercaya sebagai juru kunci(penjaga) gunung Merapi, meninggal dalam peristiwa Erupsi (Wedus Gembel) gunung Merapi................

Banyak orang yang mendaki ke gunung merapi,baek orang domestik ataupun mancanegara.....................

""Jangan kotori gunung, bawa turun kembali sampahmu"".

#salammuncak #salammerapi"
5,
5,"# Berlibur merupakan salah satu kegiatan untuk melepaskan penat dari aktivitas yang dilakukan manusia setiap harinya. Tidak ada salahnya untuk sesekali mengunjungi tempat baru agar kita bisa mengenal lebih jauh seperti apa dunia ini sebenarnya.
_
Banyak orang yang suka menulis ulasan kembali selepas mereka traveling di dalam maupun luar negeri. . merapi"
5,Mantap...
5,pengalaman yang takan terlupakan do merapi
5,Bagus
5,Pemandangan yang bagus..cocok untuk liburan bareng teman kesini.. exotic & Amazing
5,Cantik
5,"Kesini pas mau ke kaliurang, mantap mengingatkan kebesaran Allah dan ciptaannya"
5,Salah satu gunung tertinggi di Indonesia
5,Surganya healing
5,Pemandangan menakjubkan! Indonesia yang indah
5,"Selain pemandangan indah,juga bisa menjadi tempat untuk berkemah"
5,Tempat ini dingin jadi ingatlah untuk membawa jaket dan memiliki banyak tempat bersejarah yang bisa Anda kunjungi
4,
5,Menakjubkan
5,"Tidak ada satu pun wahana jip yang membawa Anda ke mana pun di dekat kawah. Kawah ini berjarak setidaknya 3-4 jam perjalanan dari mana pun jip membawa Anda. Namun, perjalanan dengan jeep membawa Anda ke beberapa tempat menarik dan pemandangan gunung berapi yang indah dari bawah. Lakukan perjalanan saat matahari terbit, jika memungkinkan. Perjalanan jeep terpendek (90 menit) dikenakan biaya Rp 90.000."
5,"Tempatnya indah, saya berharap bisa pergi kesana.."
5,💯👍🇲🇨
5,Tempat yang bagus
1,Tidak layak untuk saat ini. Itu ditutup dan tur jipnya tidak terlalu bagus. Anda tidak bisa melihatnya secara dekat.
5,
5,Indonesia memang kaya sekali !!
5,Luar biasa
5,
4,
5,
2,Aku Tibak bisa lihat ruma ku
5,
5,
5,
4,dari desa lencoh
4,
5,Indah dan penuh sejarah
5,
5,
5,Joss.. Top.. Markotop...!!
3,yuk mampir
5,
3,
5,
5,
5,"Sungguh luar biasa bisa mendekati gunung berapi aktif seperti itu. Sangat menarik untuk mempelajari sejarah dan kehancuran yang disebabkan oleh gunung berapi, terutama letusannya pada tahun 2010. Kami mengikuti tur dan pemandu kami menjelaskan semuanya dengan sangat baik dalam Tur 1 jam yang cukup dan menyenangkan untuk dikendarai dengan Jeep. Sangat merekomendasikan 🥳"
5,
4,
5,👍👍👍
5,
3,
5,Pemandangan yang bagus
3,
5,gunung yang gagah dan menyimpan banyak misteri
5,"Tempat yang bagus, asap Merapi sangat mengesankan"
5,Sungguh luar biasa! Terima kasih @merapi.jeepjaya
4,"Info masih tutup coz masih aktif siaga 3, tunggu info terupdatenya"
4,
4,
5,"Wow....
Cantik nya"
5,
5,Fumasante
5,
5,
5,Berguna
5,Bagus
5,Luar biasa
5,
1,
1,
5,Tempat yang sangat menarik
5,
4,Itu pentas digunung merapi pos 2
5,
5,Pandangan yg sangat indah.
5,"Gunung Metapi adalah salah saru gunung berapi aktif di Pulau Jawa. Gunung Merapi terletak di perbatasan Jawa Tengan dan Yogyakarta. Banyak cerita mistis yang beredar. Juru kunci Gunung Merapi adalah Mbah Marijan. Sakingcterkenalnya Mbah Marijan sampai dijadikan bibtang iklan di televisi. Slogan yang terkenal adlah ""Ruso ruso ruso!""
Gunung Merapi akan terlihat indah dan gagah dilihat dari kejauhan. Manfaat gunubg Merapi bagibwarga di sekitarbya sangat banyak sekali. Tanahnya subur, pasir dan sebagainya. Gunung Metapi yang indah. Jasamu akan selalu ada  untuk masyarakat sekitarmu
Gunung Merapi
Alangkah indahmu
Walau kadang menakutkan
Walau kadang menyeramkan
Kau akan selalu gagah dan indah"
5,"Tregalek LG Otw mas""e"
5,
5,Kerennn
5,
3,"Saya berada di puncak gunung berapi tersebut pada tahun 1993, kami berangkat pada malam hari tanggal 19 dan berada di tepi kawah pada jam 4 pagi untuk menyaksikan matahari terbit 🌄. Sungguh luar biasa, Anda bisa melihat pemandangan gunung berapi di dekatnya, yang merupakan ukurannya kira-kira sama. Pertama, saya ingin 500 Meter terakhir tidak lebih jauh lagi, hanya ada batu lepas yang tersisa dan Anda bisa terpeleset beberapa ratus meter. Kelompok saya terus berlari dan saya mulai membeku. Kelompok kedua kemudian membawa saya bersama mereka, tetapi Saya tetap tidak akan melakukannya secara normal, terlalu berbahaya dengan adanya scree di sana ☝"
3,
4,"Kalo menurut saya ini bagus tapi saat erupsi perlu diwaspadai karena mungkin mengeluarkan lava , magma, dan batu panas"
5,
5,
4,"Kawasan Gunung Merapi di sekitar Kaliurang juga sangat bergantung pada aktivitas vulkanik yang kadang-kadang meningkat, sehingga warga masyarakat juga perlu selalu waspada. Selain ada bahaya letusan yang berkait dengan volume tumpukan lava maupun peluncuran lahar, ada juga kemungkinan terjadi hembusan awan panas yang seiring dengan keluarnya lahar. Hujan abu juga merupakan akibat lain yang muncul bersama semuanya itu"
5,Keren
3,
5,Bagus banget 👍
5,
5,
5,
5,"Semoga Tuhan melindungi Anda, gunung berapi sedang meletus dua hari ini. Saya menulisnya pada 13 Maret 2023, 21 Syaban 1444"
5,Innalilahi wainnailaihi Raji'un gunung Merapi meletus lagi
5,Semoga kembali normal
5,Fotonya sudah tua! Mulai meletus
1,
5,
5,
5,
5,
5,
4,
1,
5,
5,
1,"11 Maret 2023
Badan Nasional Penanggulangan Bencana Indonesia menyatakan Gunung Merabi, ibu kota Yogyakarta, meletus pada tanggal 11 siang hari sehingga membentuk awan panas setinggi 7 kilometer, pemandangannya cukup menggemparkan, dan terlihat aliran lahar sepanjang 1,5 kilometer. Pihak berwenang mengimbau masyarakat yang tinggal di sekitar gunung berapi tersebut untuk menahan diri dari aktivitas di kawasan berbahaya dalam radius 3 hingga 7 kilometer dari kawah. Pejabat stasiun pemantau mengatakan, jika wilayah tersebut diperluas hingga mencakup lebih dari 7 kilometer, warga mungkin disarankan untuk mengungsi."
5,
5,Indahnya rasa panas ketika sedang eruksi
5,
5,Sangat menyenangkan
5,
4,
5,Bagus view disana
5,"Perjalanan panjang. Namun akhirnya berhasil melemparkan cincin aneh itu ke gunung berapi tersebut. Elang ekstra besar mendarat di sekitar area tersebut.

Kelebihan: Pemandangan yang bagus.
Kekurangan: Pria lokal bertubuh kecil menginginkan cincin saya untuk dirinya sendiri."
5,
5,
5,
5,
5,
5,
5,"Gunung merapi erupsii,
Status siaga level 3"
5,
5,
5,"Serunya belajar dan berwisata, AQUA DULU"
4,"Saya sedikit lupa sama perjalanan di Gunung Merapi, cuma ingat di museumnya. Tapi seingat saya cukup puas sama perjalanannya"
3,
5,lumayan seru saat naik jeep apalagi saat ramai2 paling asik dan menyenangkan
4,
5,y
5,
5,Keren
5,"Bagus pemandangan nya,apalagi saat sy kesini merapi menunjukan wajahny tanpa ada kabut ,banyak sekali spot wisata🤩"
5,Bagus sekali dan menyimpan cerita kehidupan yang luar bisa
5,
5,Senang🥰🥰🥰🥰😍
5,
5,"Puncak Garuda, Puncak Menawan"
5,"keren, yang mau tanya2 silahkan.."
5,Tidak pernah berbohong
5,
5,Pemandangan Merapi dari kejauhan
5,Info gunung merapi malam ini
5,
5,Lava tour.. Liburan yg menyenangkan
5,
5,Sangat seru dengan permainan motor jip nya
1,
5,Saya dari kecil sampai sekarang hidup dari hasil merapi
5,Salah satu gunung berapi yang masih aktif di Indonesia. Keberadaannya menjadi sisi historis yang tidak bisa dipisahkan dari kota Yogyakarta. Ada beberapa objek wisata yang ditawarkan di area ini seperti tur menggunakan jip dll
5,
5,Gunung kebanggaan warga yogya dan jateng. Gunung berapi paling aktif di indonesia paling terkenal di Indonesia..
5,Tempat yang bagus untuk dikunjungi
5,Kekuatan yg tersembunyi ada di Gunung Merapi ... Menjaga keseimbangan alam
5,Subhanallah indahnya
5,anjay ada patung ultraman 3 bro
4,
5,
5,
5,Oj
5,
5,
5,
3,
5,Bagus banget pemandangannya. Kalau mau masuk Kaliurang pas wiken bayar 8.000 tp kalo weekday kayaknya 5.000 aja.
4,"Mount merapi volcano tour is far from impressive. Not so recommended because u could hardly see volcano from long distance, even u take jeep. If u want to get nice photos of volcano or even lava, better download from google. Mostly u will see trucks digging lava ash / stone"
5,Benar ini gunung Merapi ya lebih tinggi dari awan keliatan nya dari foto pemanDangan nya bagus banget saya sangat suka andai kan saya orang sana pasti saya selalu melihat nya tapi tidak papa asal kan saya sudah melihatnya👍
5,
5,
5,
4,Gunung merapi dan pesonanya.
5,"Bunker nya gelap, tapi bisa poto² sama makann"
4,indah dan sejuk
5,
5,A landscape
2,
5,via selo keren
5,
5,tempat yang sangat indah dan sejuk
5,view kereen
1,
5,
5,
5,Bagus
5,
5,
5,
4,Sangat bersih dan orang-orangnya baik
5,Bagus sekali
5,Gunung yang saya tunggu tunggu untuk dijelajahi.
2,
5,viewnya joss
5,Pengen kesana🤗
5,
5,"“Gunung Merapi”

Jika melihat ulasan disini mengenai Gunung Merapi sepertinya ulasan mereka tentang pengalaman dan kesan mereka saat “Mendaki”.
Saya akan memberikan ulasan saya dalam perspektif yang lain, hehehe.

Saya sangat menikmati sekali setiap perjalanan saya yang berkenaan dengan pemandangan alam, yaitu salah satunya berkaitan dengan Gunung Merapi.

Gunung Merapi tentu setiap orang memiliki kesan pribadi didalam pikiran bawah sadar setiap orang. Dan saya memiliki kesan yang baik dan istimewa mengenai Gunung Merapi ini.
Karena banyak kenangan indah yang saya ciptakan dengan orang-orang yang saya kasihi dan latar belakang Gunung Merapi tidak lepas dari pandangan saya.
Sehingga kesan fragmen memori saya terhadap Gunung Merapi, dalam ruang kesadaran saya banyak hal positif di dalamnya.
Ia ibarat “jangkar”, yang mana ketika saya membuka dan mengingat memori saya terhadap Gunung Merapi, perasaan bahagia dan kesan positif seolah membanjiri tubuh persis ketika jalinan emosi positif tentang Gunung Merapi terbentuk di awal masa lalu.

Gunung Merapi…. Terima kasih"
5,
5,
5,Seruuuu...
5,
5,
5,
4,
3,"Zu dem Thema des Merapis🌋mussten wir eine Schulpräsentation machen. Sehr interessant. Aber wieso leben da so viele Einwohner, wenn er doch aktiv ist🤔?"
4,Letusan 1 Juni 2018 dan 11 Mei 2018
5,
5,
5,
5,
5,
1,
5,
5,Puncak garuda
5,"Gunung Merapi merupakan tempat yang indah karena ketika berada di puncak gunung kita bisa menyaksikan indahnya matahari terbit dan terbenam. Kalau di pedesaan mereka ramah dan baik hati, mereka menyambut kita dengan baik dan sopan. Namun Gunung Merapi sudah naik ke level siaga 3 sehingga ditutup sementara."
5,
5,
5,
5,"Tempat nya sejuk, kalau udah agak sore kadang kelihatan laharnya nyala."
5,Bagus
5,"Mendakinya kembali pada tahun 2019. Itu adalah pengalaman yang luar biasa, cukup menantang. ingat para pendaki lokal selalu menyapa kami dengan 'semangat bang' ."
5,
4,
5,
4,"active volcano in Indonesia and has erupted regularly since 1548. It is located approximately 28 km (17 mi) north of Yogyakarta city which has a population of 2.4 million, and thousands of people live on the flanks of the volcano, with villages as high"
5,Pemandangannya indah sekali
5,
5,
4,
5,
5,
5,Saya sebagai anggota rahasia rudal ingin mencari yang namanya ultraman dan sekarang juga sebelum eren rumbling kita semua aku akan segera menemukan ultraman
5,Karena ini harus aku kasih bintang lima
5,Alhamdulillah..
5,
5,
1,Gunung ini sangat berbahaya!
5,"Bagi yang bertanya-tanya, Gunung Merapi saat ini ditutup karena letusan yang sedang berlangsung.

Namun, hal ini dapat diamati dengan sangat indah dari Gunung Merbabu di dekatnya yang dapat didaki (dengan perencanaan yang tepat, reservasi resmi, dll)"
5,
5,view puncak gunung memukau sekali
5,
5,
5,Gunung di jawa tengah yg masih aktif
5,
4,Di liat dr atas udara lebih cantik pemandangan kawah y
5,Foto batunya mirip kepala
5,Mantap
1,Jauh
5,Kurang jelas karna tertutup awan ...
4,
5,
5,"Gunung Merapi dari kejauhan tetap indah megah gagah menawan untuk dilihat .. Semoga bersahabat selalu dengan penduduk sekitarnya , Sabar subur"
5,🤩🤩🤩🤩
5,
5,"Perjalan dipagi hari menuju gunung Merapi sangatlah asyik, menyusuri rimbunnya pepohonan dan perkebunan salak. ditambah suhu udara yang mendukung untuk menyejukan hati."
5,Pemandangannya indaaah banggeeeeett
5,
5,
5,
5,
5,
5,
5,Pernah merasakan sensasi erupsi kecil2an di pasar bubrah.
5,Panadss
5,Sangat bagus sekali dan besar.
5,
4,
5,Pemandangannya menakjubkan
5,seru!
5,Acara Gathering kantor
5,
5,
5,Kenangan men wkwk
5,
5,Ngeriiiiiiiiiii
5,
4,Gunung yang berada di antara Provinsi Jawa Tengah dan Yogyakarta.
5,"Gunung Merapi salah satu gunung yang sangat aktif & berbahaya di dunia. Dengan wedus gembel yang bisa membakar & meluluh lantakkan benda-2 yang dilewati, ataupun manusia. Letusan yang sangat dahsyat terjadi pada th. 2010 yang menyebabkan banyak korban jiwa & kerugian harta. Juru kunci yang legendaris yaitu Mbah Marijan juga menjadi korban pada letusan tersebut. Namun dibalik bahaya Merapi, ada satu sisi yaitu kesuburan & keindahan alamnya"
5,
5,
5,
5,"dari dusun deles desa sidorejo, di pagi hari terlihat begitu indah..."
4,Aku belum pernah kesini
5,"￼

Taman Nasional Gunung Merapi, Kemudahan Akses Hingga Keramahan Warga Sekitar

Taman Nasional Gunung Merapi, Kemudahan Akses Hingga Keramahan Warga Sekitar

￼

Traveloka Accomodation

23 Feb 2021 - 3 min read

Taman Nasional Gunung Merapi – Tidak banyak taman nasional yang ada di Indonesia, yang memiliki kuncen atau juru kunci yang relatif terkenal seperti Taman Nasional Gunung Merapi. Nama almarhum Mbah Maridjan pernah relatif dikenal oleh berbagai kalangan karena terlibat dalam program iklan. Efek positifnya, Taman Nasional Gunung Merapi berhasil lebih dikenal oleh masyarakat Indonesia dan menjadi destinasi wisata baik oleh keluarga maupun institusi pendidikan.

Masuk menjadi bagian dari dua kabupaten, yaitu Jawa Tengah dan Yogyakarta, membuat Taman Nasional Gunung Merapi menjadi sumber daya yang tak tergantikan bagi desa yang mengelilinginya, terlepas dari siklus letusan yang relatif sering.

Lalu sebenarnya apa keunikan dari Taman Nasional Gunung Merapi dan bagaimana perjalanannya hingga kini? Simak beberapa keunikan Taman Nasional Gunung Merapi di bawah, yuk!

Sejarah Taman Nasional Gunung Merapi

￼

Gunung Merapi

Taman Nasional Gunung Merapi berdiri di dua kabupaten, Jawa Tengah dan Yogyakarta. Kedua kabupaten yang notabene lekat dengan nilai sosial dan terkenal karena keramahtamahan warga sekitar membuat keberadaan kuncen penting bukan hanya untuk keberlangsungan Taman Nasional Gunung Merapi, namun juga menjadi penyambung antara nilai budaya dengan nilai saintifik.

Perjalanan Gunung Merapi menjadi taman nasional relatif panjang karena gunung Merapi sudah diakui bahkan jauh sebelum Indonesia merdeka. Pada awalnya, Indonesia yang pada saat itu masih dijajah oleh Belanda menjadikan Gunung Merapi sebagai hutan lindung, status ini bertahan cukup lama dari 1931 hingga 1975. Hingga resmi menjadi Taman Nasional Gunung Merapi, total sudah tiga tahapan yang dilalui oleh Gunung Merapi dan perubahan mulai dari hutan lindung sampai cagar alam. Di tahun 2004, status taman nasional itu akhirnya diraih lewat SK Menhut 134/Menhut-II/2004 tanggal 4 Mei 2004.

Status yang berubah dari hutan lindung atau cagar alam ke taman nasional tidak memiliki pengaruh terlalu besar kepada masyarakat sekitar, selain tentunya nilai ekonomi. Ini dikarenakan Taman Nasional Gunung Merapi telah dari dulu menjadi sumber air dan penyangga sistem kehidupan bagi berbagai kabupaten bahkan kota yang mengelilingnya, selain Yogyakarta, ada Sleman, Boyolali, Klaten hingga Magelang"
5,
5,
5,Gua mau rak wah
5,Mantap
5,
5,
5,Bagus...
5,
5,
5,
5,
5,
5,
1,
5,
5,Tempat itu bagus dan sangat indah
4,
5,"Salah satu gunung yang terletak di wilayah jawa tengah
Lokasi tepatnya berada di antara 3 daerah yaitu boyolali klaten dan jogja

Gunung merapu ini merupakan salah satu aktif indonesia
Sampai saat ini pun masih aktif dan semua jalur pendakian masih di tutup"
5,❤️
5,
5,
2,
5,Eyang Sunan Merapi🙏🙏🙏
3,
5,
5,
5,
5,
5,
5,
5,"Merapi jam 8 malam hari ini 8 Maret 2022M, video diambil dari status Rahmadi."
5,
5,
5,
5,
5,
5,Indah ciptaanmu ya allah
5,Wow
5,mantap
5,"Gunung yg menyimpan segala misteri alamnya, sangat exotic dan terjaga ekosistem alamnya, mari kita jaga bersama"
5,
5,
5,
5,
5,
5,Salah satu gunung berapi paling aktif
5,
5,
5,
5,
5,Jalannya lumayan. Apalagi kalau pas lagi hujan. Hehe. Pengalaman mistisnya juga seru 😄
1,
5,
5,
4,
5,
5,Horor tapi bagus
5,"Mantap""👍"
5,"Pendakian Gunung Merapi via Selo banyak diminati karena bisa sekalian melanjutkan misi ke Gunung Merbabu. Sedangkan pendakian via Kaliurang tidak terlalu populer dan lebih sering ditutup jika status Gunung Merapi meningkat.

Di Pos New Selo, bisa memilih untuk mendaki Gunung Merapi atau Gunung Merbabu. Kadang pendaki mendaki secara bergantian sehingga muncul istilah populer kedua gunung ini sebagai 2M."
5,
4,
1,
5,tempatnya asik
5,
5,Merapi tak pernah ingkar janji
5,
5,
5,
5,
5,
5,
5,
5,GUNUNG MERAPI KEREN BANGET RAJA GUNUNG API
5,
5,Sejuk
5,"Selamat siang saudaraku, semuanya baik-baik saja jika kamu menjadi Rene, baik di Klangon pagi, sore, maupun di Permatasari Chanel"
5,
4,Semoga Mandali selalu
5,
5,
5,Kedungtukang
4,"Gunung yang sangat megah dengan pemandangan kota yang indah di bawahnya. Luar biasa bisa datang sedekat ini dengan gunung berapi aktif
Kami menggunakan layanan jeep untuk sampai ke sana dengan biaya Rp 550 ribu. Hal ini mencakup beberapa kunjungan berbeda ke area lain di Gunung Merapi, termasuk area off-road yang sedang berjalan.
Pemandu / pengemudi adalah seorang fotografer hebat.
Matahari terbit tidak terlalu bagus karena tertutup awan, tetapi cahaya kota menjelang fajar dan matahari yang menerobos sangat bagus."
5,
5,Sip
4,
5,"Fg j yvu i i gvjvuvunimininycivu ynononyv y tvrct ycuh uvtbu. Uby. H y hy ubyhhuh hhjj

Fy h hvuvg yvuvggy ubinibhnjbjbjbibknij.ji"
5,Mantap jiwa pemandangannya mantull
5,You could see mars in the early morning.  Jeep n tracking area available (must try the track area)
5,Merapi Tidak Pernah Ingkar Janji 🤲👏
5,"Great view when at the top peak, sometimes little bit busy off like the modern style and life. There's also an unknown  place for storing strange phenomenon."
5,
5,Merapi sangat besar
5,"Gunung berapi di bagian tengah Pulau Jawa dan merupakan salah satu gunung api teraktif di Indonesia. Lereng sisi selatan berada dalam administrasi Kabupaten Sleman, Daerah Istimewa Yogyakarta, dan sisanya berada dalam wilayah Provinsi Jawa Tengah, yaitu Kabupaten Magelang di sisi barat, Kabupaten Boyolali di sisi utara dan timur, serta Kabupaten Klaten di sisi tenggara. Kawasan hutan di sekitar puncaknya menjadi kawasan Taman Nasional Gunung Merapi sejak tahun 2004."
5,Gunung  merapi
5,"Foto November 2008, pasca erupsi, sebelum Mbah Marijan wafat."
5,
5,Bagus sekali pemandangan nya
5,Ikut lava tour merapi.... Seru... Hubungi MGM Adv...
5,Selalu rindu ingin kesana lg...semoga setelah pandemi bisa menikmati keindahan Merapi lagi...
5,"Dibalik keangkeran, terdapat keindahan, dan berkah yang luar biasa...maa kholaqta hadza baathila, subhanaka waqina 'adzabannaarr"
5,Tetap waspada karena dulu pernah aktif pas terjadi gempa vulkanik
5,
4,
5,sangat bagus
5,
5,
5,
4,
5,
5,bagus dan baik dan perlu update terus aplikasinya
5,
5,
5,Bagus dan indah
5,
5,"One of the most active volcano in Indonesia. Surrounded by tens of thousands of residents. Has been closed for climbing since May 2018 after the risk status increased to level 2 (Waspada), except for mitigation purposes. Current status is level 3 (Siaga) since November 2020."
4,
5,Indah...
5,
5,Merapi tak ingkar janji🔥
5,
4,
5,
5,
5,
5,
5,
5,
1,
5,
2,Benar kah gunung Merapi mengalami erupsi
5,
5,
5,
5,
5,
5,
5,
5,
4,
5,Semeru 2021
5,
5,
5,
5,Dari rooftop kantor 😇
5,
5,Keren
5,
4,"Gunung Merapi...
Pemandangan yang indah dan bagus...
Pemandangan indah dan tempat-tempat indah, saya ingin pergi..."
5,
4,
5,
5,Mantap
5,
5,Mantab
5,👍
5,
5,"Kami datang setelah letusan untuk membantu dan memuji. Dan rumah mbah Maridjan ""Tetengger Mbah Maridjan"",itulah kisah nyata."
5,Mahaguru Merapi yang tak pernah ingkar janji
5,"Fav mountain
Udah 4 kali kesini 💕"
5,O M G
3,Yg
5,kangen
5,What a beautiful place
2,
5,
5,Pemandaan idah sekali 🌋🌋🌋😍😍
5,Beautiful!!
5,Nikmat dingin
1,Tampat nyaman
5,salah satu gunung api teraktif didunia
5,"Gunung Merapi adalah gunung berapi di bagian tengah Pulau Jawa dan merupakan salah satu gunung api teraktif di Indonesia. Lereng sisi selatan berada dalam administrasi Kabupaten Sleman, Daerah Istimewa Yogyakarta, dan sisanya berada dalam wilayah Provinsi Jawa Tengah."
5,Lllllllll
5,Selalu gagah dan menawan dari sudut manapun
5,
4,🗻👍
5,
5,
5,
5,
5,"View gunung merapi dari Desa Karangnongko, Klaten"
5,
5,
5,
5,
4,
5,
5,
5,Menarikkk
4,
3,Ok bgt
5,
5,
5,Bagus mantap buat kenangan
4,Gunung Merapi yang aktif sepanjang masa.
4,Posisi berada di Turgo...terlihat Merapi dan situasi sedikit mengeluarkan asap
4,
5,Pagi sampai siang telah berlalu tiba saatnya waktu senja tiba pemandangan di langit merapi di sore ini sungguh luar biasa
5,View Merapi dari Klaten
5,Tempat bagus gunung yang sangat bersejarah.
5,Piculiar...
5,
4,"Jalan yg di lalui
Bekas jalan banjir dari merapat
Asyik...
Bersatu
Berkelok
Naik jeeppp
Keren abis
Rood swooo"
5,
5,
1,itu vesuvius ke
5,An active mountain is always amazing
5,"Gunung Merapi dari arah Selo...
Uapikkk bangett..."
5,
5,Merupakan gunung teraktif didunia
1,Letusan pada hari kerja. Seharusnya dijadwal ulang.
5,
5,
5,
5,
5,
5,Ok
4,"Dari sekian gunung berapi yang masih aktif di pulau Jawa.
________________________"
5,Pak itu tahun berapa meletusnya 🙏🙏🙏
1,
5,
1,
5,
5,
5,Masya allah pemandangan nya uenak
5,Great Mountain
5,
1,
5,
5,kerja skalian rekreasi
5,Bagus banget gunung merapi.
4,
5,
5,Biasa aja
5,
4,
5,
5,Wisata yang asik ...
5,
5,
5,
5,mantapp
5,👍👍👍👍👍👍👍😂
4,
5,
5,Tempat yang bagus untuk dikunjungi jika Anda mencari pekerjaan jujur ​​menambang belerang dan mengangkutnya kembali ke pabrik.
5,Merapi
5,
5,Adventure merapi seruuuuuuuu
5,
5,Salah satu gunung berapi paling aktif di Indonesia 🇮🇩...
5,Pengen camping di sana dan belum kesampaian
5,
5,
3,
5,"Pendakian luar biasa untuk matahari terbit! Sejujurnya, salah satu pendakian paling berkesan yang pernah saya lakukan dalam hidup saya! Jalurnya cukup terawat, meskipun Anda memerlukan pemandu wisata untuk bagian terakhir karena sangat berpasir. Pemandangan di sini sungguh sempurna, untuk sedikitnya. Kata-kata tidak dapat menggambarkan keindahan tempat ini, Anda harus melihatnya sendiri."
5,"Tempat yg sejuk ,subur ,seger air nya."
5,
5,"Aku adalah senja yang jatuh di pelukanmu..

ciat ciat ciat😁😁😁.. by anak senja
Bolehlah aku ikut ndaki? Yuk yuk.."
5,
5,"Sangaaaaaaaaaaaaaattttt indah Masya Allah😍😱🤗🤗😆😘😗😇🇮🇩
merdeka"
5,
5,
5,
5,Tempat yang indah 😃
4,Abu nya beracun
5,
4,
5,"Merapi adalah gunung merapi yang meletus pada tahun 2016 berikut ulasannya jika anda seorang pendaki gunung merapi tidak bisa naik karena erupsi :D

Berapa harganya?
Kalau saya ingat harganya RP.50.000.000/Orang"
5,
3,Saya tidak bisa memuat semua ini di kertas saya
5,
5,Great
1,Dingin
1,
5,
5,"Pernah main kesana, naik mobil jeep"
5,"Indah sekali....

Gunung Merapi (ketinggian puncak 2.930 mdpl, per 2010) (Hanacaraka:ꦒꦸꦤꦸꦁ​ꦩꦼꦫꦥꦶ) adalah gunung berapi di bagian tengah Pulau Jawa dan merupakan salah satu gunung api teraktif di Indonesia. Lereng sisi selatan berada dalam administrasi Kabupaten Sleman, Daerah Istimewa Yogyakarta, dan sisanya berada dalam wilayah Provinsi Jawa Tengah, yaitu Kabupaten Magelang di sisi barat, Kabupaten Boyolali di sisi utara dan timur, serta Kabupaten Klaten di sisi tenggara. Kawasan hutan di sekitar puncaknya menjadi kawasan Taman Nasional Gunung Merapi sejak tahun 2004.

Gunung ini memiliki potensi kebencanaan yang tinggi karena menurut catatan modern mengalami erupsi setiap dua sampai lima tahun sekali dan dikelilingi oleh permukiman yang padat. Sejak tahun 1548, gunung ini sudah meletus sebanyak 68 kali.[butuh rujukan] Kota Magelang dan Kota Yogyakarta adalah kota besar terdekat, berjarak kurang dari 30 km dari puncaknya. Di lerengnya masih terdapat permukiman sampai ketinggian 1.700 meter dan hanya berjarak empat kilometer dari puncak. Oleh karena tingkat kepentingannya ini, Merapi menjadi salah satu dari enam belas gunung api dunia yang termasuk dalam proyek Gunung Api Dekade Ini (Decade Volcanoes).[1]"
5,
5,
5,
4,
5,
5,
5,
5,"Diambil dari desa ndeles , saat status siaga"
5,Indah nya merapi
4,
5,"indahnya gunung merapi❤️
dari tempat turun bis ke atas lumayan jauh dan pegel melewati museum peninggalan waktu terjadi nya merapi pada th 2010 lalu."
5,
5,
5,"Tempat buat ngecamp sangat bagus, pemandangannya juga sangat indah❤️🥰pencinta alam pasti suka ini👍"
5,
1,
5,
5,Gunung berapi yang indah dan indah
5,
5,
5,Kamu sudah buat aku ketagihan naik gunung ☺
4,
5,tempat yang paling indah
5,
5,
5,
5,Report
5,"Mantap sekali. Gunung melegenda sejak jaman dulu. Dikenal sebagai maskot Jogja dan jawa tengah. View nya memukau sekali Ampe terngiang ngiang akan keindahan nya. Tampak cantik dengan Mata telanjang dilihat dari Jogja, ketika melewa5I flyover Jogja pasti akan terlihat Indah nya ini gunung. Memukau mata"
5,
5,belum pernah ke merapi tapi tiap lagi cerah cuacanya bisa liat dari kamar kos😭
3,
4,"Gunung MERAPI,adalah gunung yang memiliki keindahan tersendiri bagi semua orang gunung yang menarik dengan berjuta keindahan yang sangat cantik.gunung yang masih aktif ini menjadi salah satu tujuan mendaki wisatawan."
3,Lebih demen sumbing drpd merapi
5,Gunung yang gagah dan joss
4,
5,Keindahan alam sang pencipta
5,
5,
5,
5,
1,
1,
5,"Sewa jeep merapi Rp350.000, rute short, off road air, ke museum sisa hartaku, the lost world castle dan stonehenge( tiket masuk bayar sendiri), merapi salah satu gunung paling aktif di pulau jawa terletak ditengah2 pulau jawa, dibalik keeksotisannya merapi menyimpan keganasan,,bbrp x erupsi hebat di tahun 2006 dan 2010 telah memakan banyak korban jiwa, namun dibalik itu semua merapi memberikan janji akan kesuburan tanah yogya dan sekitarnya,,pasir yg melimpah dan kesuburan tanah bukti merapi tak pernah ingkar janji kepada masyarakat sekitar,"
5,"Dua kali letusan gunung berapi di Indonesia, tidak ada laporan korban jiwa

Dua gunung berapi meletus di dua pulau terpisah di Indonesia, hari ini, Selasa, 3/2/2021
Yang menyebabkan abu membubung ke langit dan material vulkanik panas di lerengnya.

Gunung Sinabung di pulau Sumatera memuntahkan kolom abu setinggi 5.000 meter ke udara dan memuntahkan aliran lava, campuran gas dan batuan cair yang panas dan bergerak cepat, menuruni lerengnya, menurut Pusat Penelitian Bencana Geologi negara tersebut.
Gunung Merapi di pulau Jawa tengah melanjutkan aktivitas vulkaniknya, memuntahkan aliran lava sekitar 2 km ke bawah lereng barat daya, menurut badan tersebut.
Belum ada laporan mengenai korban jiwa akibat letusan kedua gunung berapi tersebut.
Gunung Sinabung telah meletus secara berkala selama bertahun-tahun. 9 penduduk desa terbunuh oleh material vulkanik panas pada tahun 2016
Patut dicatat bahwa Indonesia terletak di Cincin Api Pasifik, kawasan yang terkenal dengan gangguan seismiknya, dan mencakup sekitar 128 gunung berapi aktif."
5,"Josss, treking via selo mantap nanjak terusss"
5,Wah keinget Ama 11 tahun lalu
5,"❤️ love Merapi. Semoga selalu ' mandali' . Amin
Dari lereng tenggara.km 22"
5,"Gunung ini adalah gunung termuda dalam rangkaian gunung berapi yang mengarah ke selatan dari Gunung Ungaran, Gunung Merbabu, dan Gunung Merapi. Gunung ini terbentuk karena aktivitas di zona subduksi Lempeng Indo-Australia yang bergerak ke bawah Lempeng Eurasia menyebabkan munculnya aktivitas vulkanik di sepanjang bagian tengah Pulau Jawa."
5,Gunung yang bikin rindu dengan trak yang sangat melelahkan karena tidak ada landai. Dan juga pasar bubrah yang sulit untuk mendirikan tenda
5,Pemandangan nya bagus
5,
5,Saya sangat menyukai tempat ini sehingga saya merekomendasikan pemandu lokal untuk membawa Anda ke tempat menakjubkan di Indonesia
5,
5,
5,Gunung yang bagus
1,Terimakasih
5,
5,
5,Daerah yang bagus
5,Bagus
4,
5,
5,Masya Allah indah sekali
5,"Indah sekali...
Sudah level Siaga (3) sekarang ..
Semoga Aman"
1,
3,Wisata semacam outbond petualangan
5,
5,
5,Tetap mandali Merapi :)
1,
1,
2,"Gunung ini mendapat 2,3. Tidak ada es krim dan lanskap perlu diperbaiki."
5,
5,Gunung yang Menakjubkan
3,
5,Gunung ini geli banget
5,
5,
5,"Indah sekaligus penuh misteri, selalu pengin kembali traveling ke merapi lagi"
5,
4,
2,
5,Dikenal karena letusan gunung berapi. Foto-foto ini diambil baru-baru ini saat letusan gunung berapi.
5,
5,
5,
5,
5,
4,
5,
5,
5,Pengen kesini..
5,
5,
5,
4,Sekarang meletus....
5,
4,
5,
5,
5,
5,"Kini Merapi sedang berduka semoga lokasi yang terdampak erupsi di beri kesabaran dan ketabahan

Agar warga yang di sekitaran Merapi saat mendengar bunyi sinyal peringata karena suarnyapun terdengar sangat nyaring agar lekas mengevakuasi diri
Semoga warga di sana di beri keselamatan

Foto amatir saat terjadi letusan"
5,
5,
4,
2,
5,
2,Bagus
5,"Gunung ini sangat berbahaya karena menurut catatan modern mengalami erupsi setiap dua sampai lima tahun sekali dan dikelilingi oleh permukiman yang sangat padat. Sejak tahun 1548, gunung ini sudah meletus sebanyak 68 kali. Kota Magelang dan Kota Yogyakarta adalah kota besar terdekat, berjarak kurang dari 30 km dari puncaknya. Di lerengnya masih terdapat permukiman sampai ketinggian 1700 mdpl dan hanya berjarak empat kilometer dari puncak."
5,
1,
5,Pemandangannya sangat bagus
5,🤲
5,Gunung Merapi akan meletus level 3siaga
5,Gunung
5,Pemandangan dipagi hari sangatlah indah
5,Gunung Teraktif se Pulau Jawa.
5,
5,
4,
5,
5,
5,
5,
4,
5,
4,
5,"Visualisasi aktivitas guguran lava pijar Gunung Merapi yang difoto dari kawasan Tritis, Turi, Sleman Yogyakarta dengan radius 6,7 km dari puncak Merapi, pada 10 Januari 2021."
5,Dini hari meletus Minggu 17 Januari 2021
1,"Banyak asap, manajemen buruk"
5,
5,Gunung yg sangat aktif
4,BERJALAN OFF ROAD BERSAMA TIM ANDA AKAN MENAKJUBKAN!
5,
5,
5,
5,Keren
5,
5,Good view! Apalagi musim panas matahari nya bagus banget pas terbit . Pernah sekali liat golden sunrise🤩 sayang fotonya ilang
5,Kayak nya bagus
5,Mantappp
5,Tempat yang bagus
5,
5,
1,Mendung
5,
5,Benar-benar memukau... Pemandu wisata yang hebat dan tempat unik di mana orang dapat melihat kerusakan yang disebabkan oleh gunung berapi dan bagaimana masyarakat melakukan mitigasi dan menunjukkan ketahanan terhadap bencana...
5,Gunung berapi yang mengesankan.
5,"Gunung berapi di dunia ini sangat besar, dan masih kecil, tapi saya bertanya-tanya bagaimana mereka bisa pecah."
5,Baik dn nangus
1,
3,
5,
5,
5,
5,"Selalu membuat rindu keindahan puncak dan alam disekitarnya.
Untuk sumit bisa via selo, ada 4 pos"
5,
5,
4,
4,Tertutup mndung putih
5,Tempat yang bagus. Tapi sekarang Tutup
5,Terbaik...
1,Itu tidak bagus :D
5,
3,
5,"Menuju musium merapi kita naik jeep landcruiser,melalui jalan yg berkelok terkadang harus melalui aliran sungai bekas terjadinya erupsi,saat naik jeep sensasinya luar biasa,harus siap2 tahan banting..over all mantap...pemandu ramah..."
5,
5,
5,
4,Udara sejuk ditemani pemandangan indah☺
5,
5,Takjub
5,Ok
5,
5,Exsotis
3,
5,
3,
5,"Lokasinya pas untuk foto2,dg jarak aman.pagi hari.gagahnya gunung merapi..."
5,
5,"Gunung Merapi (ketinggian puncak 2.930 mdpl, per 2010) (Hanacaraka:ꦒꦸꦤꦸꦁ​ꦩꦼꦫꦥꦶ) adalah gunung berapi di bagian tengah Pulau Jawa dan merupakan salah satu gunung api teraktif di Indonesia. Lereng sisi selatan berada dalam administrasi Kabupaten Sleman, Daerah Istimewa Yogyakarta, dan sisanya berada dalam wilayah Provinsi Jawa Tengah, yaitu Kabupaten Magelang di sisi barat, Kabupaten Boyolali di sisi utara dan timur, serta Kabupaten Klaten di sisi tenggara. Kawasan hutan di sekitar puncaknya menjadi kawasan Taman Nasional Gunung Merapi sejak tahun 2004.
Gunung ini adalah gunung termuda dalam rangkaian gunung berapi yang mengarah ke selatan dari Gunung Ungaran, Gunung Merbabu, dan Gunung Merapi. Gunung ini terbentuk karena aktivitas di zona subduksi Lempeng Indo-Australia yang bergerak ke bawah Lempeng Eurasia menyebabkan munculnya aktivitas vulkanik di sepanjang bagian tengah Pulau Jawa. Puncak yang sekarang ini tidak ditumbuhi vegetasi karena aktivitas vulkanik yang tinggi. Puncak ini tumbuh di sisi barat daya puncak Batulawang yang lebih tua"
1,
5,
5,"Merapi memiliki kisah tersendiri yg kita tidak akan pernah mengerti, merapi adalah tuan rumah."
5,Bagus
5,Cantik...
5,
5,
5,
5,
5,Gunung Merapi salah satu gunung aktif di pulau jawa...
5,
5,
4,Gunung berapi yang paling aktif di Indonesia
4,
5,
5,
4,"siapapun yg pernah kesini,paastii pengen lagi n lagi n lagi,everlasting merapi"
5,
5,
5,Bagusssss....kapan kapan nanti muncak lagi bareng suami...
2,
5,
5,
5,
5,
5,aku pernah touring dengan sepeda motorku. via selo ke magelang. Tempat yang bagus.
5,
5,
5,"mdpl, per 2010) (Hanacaraka:ꦒꦸꦤꦸꦁ​ꦩꦼꦫꦥꦶ) adalah gunung berapi di bagian tengah Pulau Jawa dan merupakan salah satu gunung api teraktif di Indonesia. Lereng sisi selatan berada dalam administrasi Kabupaten Sleman, Daerah Istimewa Yogyakarta, dan sisanya berada dalam wilayah Provinsi Jawa Tengah, yaitu Kabupaten Magelang di sisi barat, Kabupaten Boyolali di sisi utara dan timur, serta Kabupaten Klaten di sisi tenggara. Kawasan hutan di sekitar puncaknya menjadi kawasan Taman Nasional Gunung Merapi sejak tahun 2004."
5,
5,
5,
5,
5,"Kondisi merapi dilihat dari rumahku radius 7km, aman tapi tetap waspada."
5,
5,"Dingin, cantik pemandangannya"
5,
5,
5,"Pemandangan nya indah klu dilihat dari atas puncak nya , best pokoknya , oh iy saya dari sumatera barat ."
5,Banyak berdoa Semoga gunung'nya lekas tenang amiin
5,Pemandangannya begitu indah....
1,
4,Kereen
5,
5,
5,
5,Tak pernah ingkar janji
5,
5,gak ditutup saja gunung berapi pakai semen yang banyak atau 20000 mobil molen sama mobil kebakaran untuk
5,
5,
5,Gagah banget dilihat dari jarak segini. Pengen muncak merapi lagi jadinya
5,
5,
2,
1,
1,
5,"Dalam situsi siaga,,,"
5,👍🏻👍🏻👍🏻👍🏻
5,
5,Merapi tak pernah ingkar janji
5,Pokoknya sih menurut aku bagus banget indah dan pemandanganya cantik banget
5,
5,Wisata Gunung Merapi kadang suka bikin deg deg ser. Disini terlihat jelas indahnya gunung Merapi ini dari jarak yang dekat. Tidak sampai masuk sih karena rada takut ajah. Untuk pecinta Wisata Gunung dan ingin melihat gunung Merapi lebih dekat bisa nih di coba berwisata kesini. Pelayanan petugasnya sangat baik dan ramah. Penduduk sekitar juga sangat ramah dan baik. Terima kasih...
5,Sangar...
5,
2,
5,
4,
1,
4,
5,
5,
5,
1,
5,Xixixixix
5,
5,
5,
5,
5,
1,
2,Aku tidak suka saat meletus
1,
